Raw	City	Country	Region	Coords
Oxford, Oxfordshire, England	Oxford	England	Oxfordshire	51.7511111111, -1.25583333333
Ruotsinsalmi/Svensksund, near Kotka, Southern Finland, Finland	Ruotsinsalmi/Svensksund, near Kotka	Finland	Southern Finland	60.4666666667, 26.9333333333
Anet, Eure-et-Loir, France	Anet	France	Eure-et-Loir	48.85642,1.43981
Languedoc region, France		France	Languedoc-Roussillon	43.6667, 3.1667
Malesherbes, Loiret, France	Malesherbes	France	Loiret	48.3, 2.4167
Richelieu, Indre-et-Loire, France	Richelieu	France	Indre-et-Loire	47.01389,0.32406
Bloomsbury, New Jersey, United States of America	Bloomsbury	United States of America	New Jersey	40.655, -75.0827777778
Edirne/Adrianople, province of Edirne, Turkey	Edirne/Adrianople	Turkey	province of Edirne	41.6744444444, 26.5608333333
Vesancy, Rhône-Alpes, France	Vesancy	France	Rhône-Alpes	46.3494444444, 6.09138888889
Pontesbury, Shropshire, England	Pontesbury	England	Shropshire	52.65, -2.8833
Valetta, province of Utrecht, Malta	Valetta	Malta	province of Utrecht	35.8997222222, 14.5147222222
château d'Héverlé, Louvain, province of Flemish Brabant, Belgium	château d'Héverlé, Louvain	Belgium	province of Flemish Brabant	50.878987, 4.701515
Pagham, Sussex, England	Pagham	England	Sussex	50.7703, -0.7449
Easthampstead Park, Bracknell, Berkshire, England	Easthampstead Park, Bracknell	England	Berkshire	51.416, -0.749
Byfleet, Surrey, England	Byfleet	England	Surrey	51.38, -0.3526
Aleppo, Aleppo Governorate, Syria	Aleppo	Syria	Aleppo Governorate	36.2, 37.15
Schoonhoven, South Holland, Netherlands	Schoonhoven	Netherlands	South Holland	51.9478625071, 4.85252380371
Deal, Kent, England	Deal	England	Kent	51.2212925186, 1.40350341797
Verona, Veneto, Italy	Verona	Italy	Veneto	45.43330000,11.00000000
Nice, Alpes-Maritimes, France	Nice	France	Alpes-Maritimes	43.7027777778, 7.26916666667
Basle, canton of Basle, Switzerland	Basle	Switzerland	canton of Basle	47.5584,7.57327
West Grinstead, Sussex, England	West Grinstead	England	Sussex	50.9667, -0.3333
Lisbon, county of Lisbon, Portugal	Lisbon	Portugal	county of Lisbon	38.7, -9.1833
Brodsworth, Yorkshire, England	Brodsworth	England	Yorkshire	53.55, -1.2667
Randall Farm, Leatherhead, Surrey, England	Randall Farm, Leatherhead	England	Surrey	51.2951, -0.3289
Closeburn Castle, Dumfries and Galloway, Scotland	Closeburn Castle	Scotland	Dumfries and Galloway	55.2113888889, -3.71861111111
Burlington, New Jersey, United States of America	Burlington	United States of America	New Jersey	40.0711, -74.8653
La Muette, Paris, Ile-de-France, France	La Muette, Paris	France	Ile-de-France	48.8742, 2.346954
Estouilly, near Ham, Somme, France	Estouilly, near Ham	France	Somme	49.75, 3.0667
Thurso, Caithness, Scotland	Thurso	Scotland	Caithness	58.596, -3.521
New York City, New York, United States of America	New York City	United States of America	New York	40.7142, -74.0064
Château de Marchais, Aisne, France	Château de Marchais	France	Aisne	48.884722, 3.484722
East Windsor, Connecticut, United States of America	East Windsor	United States of America	Connecticut	41.8580550529, -72.6026344299
Fortrose, Inverness-shire, Scotland	Fortrose	Scotland	Inverness-shire	57.5836111111, -4.13055555556
Allerly, near Melrose, Roxburghshire, Scotland	Allerly, near Melrose	Scotland	Roxburghshire	55.5833, -2.7167
Barrow Green, near Godstone, Surrey, England	Barrow Green, near Godstone	England	Surrey	51.2479, -0.0644
Almaty, province of Almaty, Kazakhstan	Almaty	Kazakhstan	province of Almaty	43.25, 76.9166666667
St Petersburg, Leningrad province, Russia	St Petersburg	Russia	Leningrad province	59.89444,30.26417
L'Isle-aux-Allumettes, Quebec, Canada	L'Isle-aux-Allumettes	Canada	Quebec	45.8845116759, -77.1185302734
Parma, Emilia-Romagna, Italy	Parma	Italy	Emilia-Romagna	44.79864000,10.33992500
Erfurt, Thuringia, Germany	Erfurt	Germany	Thuringia	50.9718325091, 11.0244369507
Tobolsk, Tyumen province, Russia	Tobolsk	Russia	Tyumen province	58.205, 68.2594
Vienna, state of Vienna, Austria	Vienna	Austria	state of Vienna	48.20255000,16.36881000
near Utrecht, province of Utrecht, Netherlands	near Utrecht	Netherlands	province of Utrecht	52.09083,5.12222
Percy Lodge, Iver, Buckinghamshire, England	Percy Lodge, Iver	England	Buckinghamshire	51.5, -0.5
Bucklands, near Farringdon, Berkshire, England	Bucklands, near Farringdon	England	Berkshire	51.1, -0.9833
Mulberry Grove, Chatham County, Georgia, United States of America	Mulberry Grove, Chatham County	United States of America	Georgia	32.1896457, -81.1592793
Châteaudun, Eure-et-Loir, France	Châteaudun	France	Eure-et-Loir	48.0717, 1.3386
Pondicherry, Puducherry, India	Pondicherry	India	Puducherry	11.9334898588, 79.8327970505
Leyrat, Creuse, France	Leyrat	France	Creuse	46.3627777778, 2.29333333333
Newcastle-under-Lyme, Staffordshire, England	Newcastle-under-Lyme	England	Staffordshire	53.0109, -2.2278
Portsmouth?, Hampshire, England	Portsmouth?	England	Hampshire	50.81, -1.09
Astwick, Bedfordshire, England	Astwick	England	Bedfordshire	52.0316, -0.2303
Glanderston, near Glasgow, Aberdeenshire, Scotland	Glanderston, near Glasgow	Scotland	Aberdeenshire	55.87, -4.27
Les Aygalades, Marseille, Bouches-du-Rhône, France	Les Aygalades, Marseille	France	Bouches-du-Rhône	43.2975, 5.3772
Roche, canton of Vaud, Switzerland	Roche	Switzerland	canton of Vaud	46.361,6.933
Cap-Haïtien, Nord, Haiti	Cap-Haïtien	Haiti	Nord	19.75, -72.2
Boroughbridge, Yorkshire, England	Boroughbridge	England	Yorkshire	54.095, -1.398
Edinburgh, county of Edinburgh, Scotland	Edinburgh	Scotland	county of Edinburgh	55.95416000,-3.20277000
Deventer, Overijssel, Netherlands	Deventer	Netherlands	Overijssel	52.2511111111, 6.16
Middlesex, Cumberland County, Pennsylvania, United States of America	Middlesex, Cumberland County	United States of America	Pennsylvania	40.2166666667, -77.1163888889
Mervent, Vendée, France	Mervent	France	Vendée	46.5230555556, -0.755277777778
St-Germain-en-Laye, Yvelines, France	St-Germain-en-Laye	France	Yvelines	48.9,2.08333
château de Lumigny, near Rozay-en-Brie, Ile-de-France, France	château de Lumigny, near Rozay-en-Brie	France	Ile-de-France	48.6841666667, 2.95916666667
Pisa, Tuscany, Italy	Pisa	Italy	Tuscany	43.70996000,10.39946000
Dieppe, Seine-Maritime, France	Dieppe	France	Seine-Maritime	49.9252, 1.0771
Dartford, Kent, England	Dartford	England	Kent	51.464, 0.254
Rieulay, Nord, France	Rieulay	France	Nord	50.3805555556, 3.25777777778
Cockthorpe, Norfolk, England	Cockthorpe	England	Norfolk	52.94, 0.94
Gainsborough, Lincolnshire, England	Gainsborough	England	Lincolnshire	53.4021637535, -0.773849487305
St Claude, Jura, France	St Claude	France	Jura	46.3877777778, 5.86388888889
Kyakhta, Buryat Republic, Russia	Kyakhta	Russia	Buryat Republic	50.35, 106.45
Kintore, Aberdeenshire, Scotland	Kintore	Scotland	Aberdeenshire	57.236, -2.3462
Cologne, North Rhine-Westphalia, Germany	Cologne	Germany	North Rhine-Westphalia	50.942421, 7.02919
Aire, canton of Geneva, Switzerland	Aire	Switzerland	canton of Geneva	46.19057,6.04287
Binfield, near Wokingham, Berkshire, England	Binfield, near Wokingham	England	Berkshire	51.43, -0.79
New London, Greater London, United States of America	New London	United States of America	Greater London	41.3556, -72.1
Saluzzo, Piedmont, Italy	Saluzzo	Italy	Piedmont	44.65, 7.4833
Matlock Bath, Derbyshire, England	Matlock Bath	England	Derbyshire	53.11, -1.56
Bishop's Stortford, Hertfordshire, England	Bishop's Stortford	England	Hertfordshire	51.872, 0.1725
Coleshill, Warwickshire, England	Coleshill	England	Warwickshire	52.499, -1.708
Ball Haye Green, Staffordshire, England	Ball Haye Green	England	Staffordshire	53.11, -2.03
Rotterdam, South Holland, Netherlands	Rotterdam	Netherlands	South Holland	51.92283500,4.47845500
Castletown, county Laois, Ireland	Castletown	Ireland	county Laois	58.5907, -3.3848
Southill, Biggleswade, Bedfordshire, England	Southill, Biggleswade	England	Bedfordshire	52.08733, -0.26521
Grandcour, canton of Vaud, Switzerland	Grandcour	Switzerland	canton of Vaud	46.87185,6.9284
Cambridge, Maryland, United States of America	Cambridge	United States of America	Maryland	38.5631, -76.0792
Old Park, Bishop Auckland, county Durham, England	Old Park, Bishop Auckland	England	county Durham	54.66, -1.68
Romans-sur-Isère, Drôme, France	Romans-sur-Isère	France	Drôme	45.0463888889, 5.05166666667
Denton, near Otley, Yorkshire, England	Denton, near Otley	England	Yorkshire	53.905, -1.687
Amesbury, Wiltshire, England	Amesbury	England	Wiltshire	51.1667, -1.7833
Gaillon, Eure, France	Gaillon	France	Eure	49.161, 1.336
Liège, Wallonia, Belgium	Liège	Belgium	Wallonia	50.6400989524, 5.57247161865
Manchester, Greater Manchester, England	Manchester	England	Greater Manchester	53.48, -2.24
La Rivière, Isère, France	La Rivière	France	Isère	45.2375, 5.50888888889
Fairfax County, Virginia, United States of America	Fairfax County	United States of America	Virginia	38.8526, -77.3044
Andernach, Rhineland-Palatinate, Germany	Andernach	Germany	Rhineland-Palatinate	50.4397222222, 7.40166666667
Quincy, near Nuits-St-Georges, Côte-d'Or, France	Quincy, near Nuits-St-Georges	France	Côte-d'Or	47.1383333333, 4.95111111111
Yasnaya Polyana, Kaliningrad province, Russia	Yasnaya Polyana	Russia	Kaliningrad province	54.076111, 37.526111
Biberach, Baden-Württemberg, Germany	Biberach	Germany	Baden-Württemberg	48.3386, 8.0317
Commercy, Meuse, France	Commercy	France	Meuse	48.76128,5.59067
Rugeley, Staffordshire, England	Rugeley	England	Staffordshire	52.7599, -1.9388
Finglas, county Dublin, Ireland	Finglas	Ireland	county Dublin	53.3833333333, -6.3
Ancona, Marche, Italy	Ancona	Italy	Marche	43.61670000,13.51670000
Restinclières, Hérault, France	Restinclières	France	Hérault	43.7244444444, 4.03972222222
château de Sully, Saône-et-Loire, France	château de Sully	France	Saône-et-Loire	47.0108333333, 4.47347222222
Glanderston, near Glasgow, county of Glasgow, Scotland	Glanderston, near Glasgow	Scotland	county of Glasgow	55.87, -4.27
Mortlake, Richmond upon Thames, Greater London, England	Mortlake, Richmond upon Thames	England	Greater London	51.4655, -0.2643
Uppsala, Uppsala län, Sweden	Uppsala	Sweden	Uppsala län	59.8586, 17.6389
Williamsburg, Virginia, United States of America	Williamsburg	United States of America	Virginia	37.2749, -76.7083
Margate, Kent, England	Margate	England	Kent	51.385, 1.3838
Aarau, canton of Aargau, Switzerland	Aarau	Switzerland	canton of Aargau	47.3933333333, 8.05166666667
Eaubonne, Val-d'Oise, France	Eaubonne	France	Val-d'Oise	49.0, 2.28333333333
Halesowen, near Birmingham, West Midlands, England	Halesowen, near Birmingham	England	West Midlands	52.450164, -2.050935
Cloyne, county Cork, Ireland	Cloyne	Ireland	county Cork	51.8666666667, -8.11666666667
Pompignan, Gard, France	Pompignan	France	Gard	43.895, 3.85666666667
St-Maur-des-Fossés, Val-de-Marne, France	St-Maur-des-Fossés	France	Val-de-Marne	48.7978, 2.5031
Grignon, Thiais, Val-de-Marne, France	Grignon, Thiais	France	Val-de-Marne	48.7658, 2.3928
Verna, Isère, France	Verna	France	Isère	45.7783, 5.2825
Carmarthen, Dyfed, Wales	Carmarthen	Wales	Dyfed	51.8605, -4.3031
Montfalcon, Isère, France	Montfalcon	France	Isère	45.2552777778, 5.1725
Dalkeith House, near Dalkeith, Midlothian, Scotland	Dalkeith House, near Dalkeith	Scotland	Midlothian	55.8666666667, -3.06666666667
St Joseph, Montreal, Quebec, Canada	St Joseph, Montreal	Canada	Quebec	45.5080555556, -73.555
Mariestad, Västra Götaland County, Sweden	Mariestad	Sweden	Västra Götaland County	58.7099409892, 13.8235473633
Bognor Regis, Sussex, England	Bognor Regis	England	Sussex	50.78237, -0.67639
Walmer Castle, Kent, England	Walmer Castle	England	Kent	51.385, 1.3838
Kristineholm, near Nyköping, Södermanlands län, Sweden	Kristineholm, near Nyköping	Sweden	Södermanlands län	58.75, 17.0
Huntingdon, Cambridgeshire, England	Huntingdon	England	Cambridgeshire	52.3364, -0.1717
Kirkcaldy, Fifeshire, Scotland	Kirkcaldy	Scotland	Fifeshire	56.1120644275, -3.1595993042
near Brunswick, Lower Saxony, Germany	near Brunswick	Germany	Lower Saxony	52.2666666667, 10.5325
Boulogne-Billancourt, Paris, Ile-de-France, France	Boulogne-Billancourt, Paris	France	Ile-de-France	48.833,2.25
Colinton House, near Edinburgh, county of Edinburgh,, Scotland	Colinton House, near Edinburgh	Scotland	county of Edinburgh, 	55.95, -3.22
Coventry, West Midlands, England	Coventry	England	West Midlands	52.4081, -1.5106
Brest, Finistère, France	Brest	France	Finistère	48.39023800,-4.48622800
Audincourt, Franche-Comté, France	Audincourt	France	Franche-Comté	47.4836111111, 6.84027777778
Dollis s Farm, near Hendon, London, Greater London, England	Dollis s Farm, near Hendon, London	England	Greater London	51.5837, -0.2252
Wootton, near Ashbourne, Derbyshire, England	Wootton, near Ashbourne	England	Derbyshire	53.0167, -1.7167
Portobelo, province of Colón, Panama	Portobelo	Panama	province of Colón	9.54995000,-79.65508000
Piacenza, Emilia-Romagna, Italy	Piacenza	Italy	Emilia-Romagna	45.0483333333, 9.68583333333
Wolfenbüttel, Lower Saxony, Germany	Wolfenbüttel	Germany	Lower Saxony	52.1622222222, 10.5369444444
Monriond, near Lausanne, canton of Vaud, Switzerland	Monriond, near Lausanne	Switzerland	canton of Vaud	46.516,6.63282
Sevres?, Hauts-de-Seine, France	Sevres?	France	Hauts-de-Seine	48.8167, 2.2167
Quebec, Quebec, Canada	Quebec	Canada	Quebec	46.890232, -71.218872
Dorking, Surrey, England	Dorking	England	Surrey	51.2330637906, -0.329847335815
near Magdeburg, Saxony-Anhalt, Germany	near Magdeburg	Germany	Saxony-Anhalt	52.16667,11.66667
Kherson, Kherson province, Greece	Kherson	Greece	Kherson province	46.6538888889, 32.5994444444
Belvoir Castle, Leicestershire, England	Belvoir Castle	England	Leicestershire	52.8833, -0.7833
Nîmes, Gard, France	Nîmes	France	Gard	43.8366666667, 4.36027777778
Lees, Essex, England	Lees	England	Essex	53.5389, -2.0696
Windmill Hill, London, Greater London, England	Windmill Hill, London	England	Greater London	51.508411, -0.125364
Aston, near Sheffield, Yorkshire, England	Aston, near Sheffield	England	Yorkshire	53.3833333333, -1.46666666667
Thurcaston, Leicestershire, England	Thurcaston	England	Leicestershire	52.6833, -1.15
Ussé, Indre-et-Loire, France	Ussé	France	Indre-et-Loire	47.2530555556, 0.3
Caen, Calvados, France	Caen	France	Calvados	49.18436000,-0.36111000
Marly-le-Roi, Yvelines, France	Marly-le-Roi	France	Yvelines	48.8675, 2.094722
Rochford, Essex, England	Rochford	England	Essex	51.5821, 0.7065
Neuchâtel?, canton of Neuchâtel, Switzerland	Neuchâtel?	Switzerland	canton of Neuchâtel	46.9902777778, 6.93055555556
Mirecourt, Vosges, France	Mirecourt	France	Vosges	48.2833, 6.1333
Damgarten/Ribnitz-Damgarten, Mecklenburg-Vorpommern, Germany	Damgarten/Ribnitz-Damgarten	Germany	Mecklenburg-Vorpommern	54.2465722296, 12.4262237549
Latimer, Buckinghamshire, England	Latimer	England	Buckinghamshire	51.68528, -0.54764
Lumigny, Seine-et-Marne, France	Lumigny	France	Seine-et-Marne	48.7372, 2.9525
Lierre/Lier, province of Antwerp, Belgium	Lierre/Lier	Belgium	province of Antwerp	51.1166666667, 4.58333333333
near Greenwich, Kent, England	near Greenwich	England	Kent	51.47885, -0.0106
Whitchurch, Hampshire, England	Whitchurch	England	Hampshire	51.2299, -1.3393
Princeton, New Jersey, United States of America	Princeton	United States of America	New Jersey	40.3487181, -74.6590472
Portsmouth, Virginia, United States of America	Portsmouth	United States of America	Virginia	36.8354258, -76.2982742
Chambéry, Savoie, France	Chambéry	France	Savoie	45.56665000,5.92092000
Hamelin, Hanover, Germany	Hamelin	Germany	Hanover	52.103056, 9.36
Fort Coulonge, Québec, Canada	Fort Coulonge	Canada	Québec	45.8426, -76.7373
château de Grand-Cour, near Berne, canton of Bern, Switzerland	château de Grand-Cour, near Berne	Switzerland	canton of Bern	46.95, 7.44583333333
Yeovil, Somerset, England	Yeovil	England	Somerset	50.9452, -2.637
Chard, Somerset, England	Chard	England	Somerset	50.8728, -2.9587
Ganges, Hérault, France	Ganges	France	Hérault	43.93409000,3.70805000
Boulogne-sur-Mer, Pas-de-Calais, France	Boulogne-sur-Mer	France	Pas-de-Calais	50.7222222222, 1.60833333333
Tournon-sur-Rhône, Ardèche, France	Tournon-sur-Rhône	France	Ardèche	45.0680555556, 4.83333333333
Prague, Bohemia, Czech Republic	Prague	Czech Republic	Bohemia	50.083333, 14.416667
Vichy, Allier, France	Vichy	France	Allier	46.1667, 3.4
Old Windsor, Berkshire, England	Old Windsor	England	Berkshire	51.4601, -0.5865
Jamaica, Greater Antilles		Greater Antilles	Jamaica	18.1314940972, -77.2735576389
Great Yarmouth, Norfolk, England	Great Yarmouth	England	Norfolk	52.606, 1.729
Dinero Lodge, near Crieff, Perth and Kinross, Scotland	Dinero Lodge, near Crieff	Scotland	Perth and Kinross	56.37568, -3.84262
Rye, Dallington, Sussex, England	Rye, Dallington	England	Sussex	50.947116, 0.357868
L'Isle-Jourdain, Gers, France	L'Isle-Jourdain	France	Gers	43.6144444444, 1.08166666667
Rennes, Ille-et-Vilaine, France	Rennes	France	Ille-et-Vilaine	48.10752000,-1.68448000
Frederick, Maryland, United States of America	Frederick	United States of America	Maryland	39.4142, -77.4108
Chichester, Sussex, England	Chichester	England	Sussex	50.8371668785, -0.780372619629
Eartham, near Chichester, Sussex, England	Eartham, near Chichester	England	Sussex	50.8667, -0.6833
Esteville, Seine-Maritime, France	Esteville	France	Seine-Maritime	49.6066666667, 1.2225
Bilton, Rugby, Warwickshire, England	Bilton, Rugby	England	Warwickshire	52.3639, -1.2887
near Wassy, Haute-Marne, France	near Wassy	France	Haute-Marne	48.5, 4.95
Savannah, Georgia, United States of America	Savannah	United States of America	Georgia	32.05071, -81.103762
Karlstad, Värmland County, Sweden	Karlstad	Sweden	Värmland County	59.3783377689, 13.5056304932
Cambridge, Massachusetts, United States of America	Cambridge	United States of America	Massachusetts	38.5631, -76.0792
Kilduff, near Haddington, East Lothian, Scotland	Kilduff, near Haddington	Scotland	East Lothian	55.955621, -2.778815
Riquewihr, Haut-Rhin, France	Riquewihr	France	Haut-Rhin	48.1672222222, 7.29777777778
Calne, Wiltshire, England	Calne	England	Wiltshire	51.4353, -2.00427
The Cumbraes, Ayrshire, Scotland	The Cumbraes	Scotland	Ayrshire	55.7680555556, -4.92027777778
Freiberg, Saxony, Germany	Freiberg	Germany	Saxony	50.91667,13.36667
Hothfield, Kent, England	Hothfield	England	Kent	51.1701, 0.819
Schwetzingen, Baden-Württemberg, Germany	Schwetzingen	Germany	Baden-Württemberg	49.38568000,8.57064000
Kholm, Novgorod province, Russia	Kholm	Russia	Novgorod province	57.15, 31.1833
Heston, London, Greater London, England	Heston, London	England	Greater London	51.4852, -0.3788
Portsea, Portsmouth, Hampshire, England	Portsea, Portsmouth	England	Hampshire	50.79891, -1.10639
Glasnevin, Dublin, county Dublin, Ireland	Glasnevin, Dublin	Ireland	county Dublin	53.3833333333, -6.26666666667
Korsör, Slagelse, Sjælland, Denmark	Korsör, Slagelse	Denmark	Sjælland	55.3333333333, 11.15
Lewes, Sussex, England	Lewes	England	Sussex	50.8744445736, 0.0175094604492
Netherlands		Netherlands		52.10808900,5.33033000
Épernay, Marne, France	Épernay	France	Marne	49.0427777778, 3.96472222222
Swaffham Bulbeck, near Newmarket, Cambridgeshire, England	Swaffham Bulbeck, near Newmarket	England	Cambridgeshire	52.23, 0.28
Colombes, Paris, Ile-de-France, France	Colombes, Paris	France	Ile-de-France	48.9231, 2.255
Rimini, Emilia-Romagna, Italy	Rimini	Italy	Emilia-Romagna	44.05000000,12.56670000
Paris, Ile-de-France, France	Paris	France	Ile-de-France	48.85667000,2.35099000
Cork, County Cork, Ireland	Cork	Ireland	County Cork	51.9, -8.47305555556
Augusta, Georgia, United States of America	Augusta	United States of America	Georgia	33.4708, -81.975
Haverhill, Massachusetts, United States of America	Haverhill	United States of America	Massachusetts	42.7761, -71.0778
Fair Hill, Virginia, United States of America	Fair Hill	United States of America	Virginia	37.3954257, -77.3297015
Valeire, Bern, canton of Bern, Switzerland	Valeire, Bern	Switzerland	canton of Bern	46.95, 7.44583333333
Iasi, Moldavia, Romania	Iasi	Romania	Moldavia	47.1555555556, 27.5913888889
Sutton, London, Greater London, England	Sutton, London	England	Greater London	51.3656, -0.1963
Burstead, Essex, England	Burstead	England	Essex	51.604, 0.445
Ludwigsburg, Baden-Württemberg, Germany	Ludwigsburg	Germany	Baden-Württemberg	48.899032365, 9.19384002686
Great Barton, Suffolk, England	Great Barton	England	Suffolk	52.2667, 0.7667
Bercy, Paris, Ile-de-France, France	Bercy, Paris	France	Ile-de-France	48.8361111111, 2.38333333333
Durdans, Epsom, Surrey, England	Durdans, Epsom	England	Surrey	51.3297535623, -0.268821716309
Sherborne, Dorset, England	Sherborne	England	Dorset	50.9491, -2.5183
Langon, Gironde, France	Langon	France	Gironde	44.5538888889, -0.248333333333
Hornoy-le-Bourg, Somme, France	Hornoy-le-Bourg	France	Somme	49.85,1.9
Warsaw, Masovia, Poland	Warsaw	Poland	Masovia	52.23535000,21.00936000
Dublin, County Dublin, Ireland	Dublin	Ireland	County Dublin	53.3428, -6.2661
Whitton, Twickenham, Greater London, England	Whitton, Twickenham	England	Greater London	51.4486, -0.3369
Bellefosse, Bas-Rhin, France	Bellefosse	France	Bas-Rhin	48.40265,7.2141
Towcester, Northamptonshire, England	Towcester	England	Northamptonshire	52.13, -0.99
Yverdon-les-Bains, canton of Vaud, Switzerland	Yverdon-les-Bains	Switzerland	canton of Vaud	46.7788888889, 6.64
Maryland, United States of America		United States of America	Maryland	39.0616685311, -76.7854797575
Newport Pagnell, Buckinghamshire, England	Newport Pagnell	England	Buckinghamshire	52.087, -0.722
Buenos Aires, county of Buenos Aires, Argentina	Buenos Aires	Argentina	county of Buenos Aires	-34.6036, -58.3817
Lamberville, Normandie, France	Lamberville	France	Normandie	49.7730555556, 1.00194444444
Nienhuys, near Zwolle, Overijssel, Netherlands	Nienhuys, near Zwolle	Netherlands	Overijssel	52.5125, 6.08861111111
Montreal, Quebec, Canada	Montreal	Canada	Quebec	45.5080555556, -73.555
Deepdene, Dorking, Surrey, England	Deepdene, Dorking	England	Surrey	51.2330637906, -0.329847335815
Manchester, county of Manchester, England	Manchester	England	county of Manchester	53.48, -2.24
Les Délices, near Geneva, canton of Geneva, France	Les Délices, near Geneva	France	canton of Geneva	46.2, 6.15
Altenburg, Thuringia, Germany	Altenburg	Germany	Thuringia	50.9930144098, 12.4437332153
Beauvais, Oise, France	Beauvais	France	Oise	49.4333333333, 2.08333333333
Ambérieu en Bugey, Rhône, France	Ambérieu en Bugey	France	Rhône	45.9589, 5.3586
Pimperne, Dorset, England	Pimperne	England	Dorset	50.8833, -2.1333
Marseille, Bouches-du-Rhône, France	Marseille	France	Bouches-du-Rhône	43.2975, 5.3772
Buckden, Cambridgeshire, England	Buckden	England	Cambridgeshire	52.28, -0.25
Corzier, near Vevey, canton of Vaud, Switzerland	Corzier, near Vevey	Switzerland	canton of Vaud	46.2, 6.15
Wimpole, near Cambridge, Cambridgeshire, England	Wimpole, near Cambridge	England	Cambridgeshire	52.14, -0.046
Bern, canton of Bern, Switzerland	Bern	Switzerland	canton of Bern	46.95000000,7.43330000
Dole, Jura, France	Dole	France	Jura	47.0919812, 5.49264907837
Brighton, Sussex, England	Brighton	England	Sussex	50.83, -0.155555555556
Bassy, Haute-Savoie, France	Bassy	France	Haute-Savoie	45.9816666667, 5.83027777778
Harwich, Essex, England	Harwich	England	Essex	51.9396086967, 1.2833404541
Sérézin-du-Rhône, Rhône, France	Sérézin-du-Rhône	France	Rhône	45.6294444444, 4.82472222222
Plymouth, Devon, England	Plymouth	England	Devon	50.3705555556, -4.13972222222
Eton, Berkshire, England	Eton	England	Berkshire	51.4906827146, -0.609569549561
Le Havre, Seine-Maritime, France	Le Havre	France	Seine-Maritime	49.4997222222, 0.12
St-Denis, St-Denis de la Réunion, Réunion	St-Denis	Réunion	St-Denis de la Réunion	-20.85, 55.4666666667
Blois, Loir-et-Cher, France	Blois	France	Loir-et-Cher	47.60000000,1.33330000
Monquin, near Bourgoin-Jallieu, Dauphiné, France	Monquin, near Bourgoin-Jallieu	France	Dauphiné	45.7669, 4.8342
Fulham, Greater London, England	Fulham	England	Greater London	51.4767, -0.2138
Vosges, France		France	Vosges	48.16667,6.33333
Cannons, Edgware, Greater London, England	Cannons, Edgware	England	Greater London	51.6093, -0.2884
Somerford, Cheshire, England	Somerford	England	Cheshire	53.1666666667, -2.26666666667
Sedgefield, county Durham, England	Sedgefield	England	county Durham	54.65, -1.45
Berlin, state of Berlin, Germany	Berlin	Germany	state of Berlin	52.51607000,13.37699000
Port-Louis, Port-Louis district, Mauritius	Port-Louis	Mauritius	Port-Louis district	-20.1667, 57.5
Enfield, London, England	Enfield	England	London	51.6, -0.0833
Berkhamsted, Hertfordshire, England	Berkhamsted	England	Hertfordshire	51.7592, -0.5627
Witcham, Cambridgeshire, England	Witcham	England	Cambridgeshire	52.3833, -0.1333
Petersburg, Virginia, United States of America	Petersburg	United States of America	Virginia	37.213, -77.4004
near Plombières-les-Bains, Vosges, France	near Plombières-les-Bains	France	Vosges	47.9672222222, 6.46388888888
Barbados		Barbados		13.1594328042, -59.5299626984
Navan, county Meath, Ireland	Navan	Ireland	county Meath	53.65, -6.6833
Mapledurham, Oxfordshire, England	Mapledurham	England	Oxfordshire	51.4853, -1.0379
Buckland Filleigh, Devon, England	Buckland Filleigh	England	Devon	50.8619444444, -4.18611111111
Juilly, Seine-et-Marne, France	Juilly	France	Seine-et-Marne	49.0133, 2.705
Loughrea, County Galway, Ireland	Loughrea	Ireland	County Galway	53.1969, -8.5669
Montfort-l'Amaury, Yvelines, France	Montfort-l'Amaury	France	Yvelines	48.7778, 1.81
Colmar, Haut-Rhin, France	Colmar	France	Haut-Rhin	48.08330000,7.35000000
Zerbst, Saxony-Anhalt, Germany	Zerbst	Germany	Saxony-Anhalt	51.96713000,12.08471000
Wrexham, Denbighshire, Wales	Wrexham	Wales	Denbighshire	53.0333333333, -2.98333333333
Argenteuil, near Paris, Val-d'Oise, France	Argenteuil, near Paris	France	Val-d'Oise	48.9486, 2.2483
Geneken, near Breda, North Brabant, Netherlands	Geneken, near Breda	Netherlands	North Brabant	51.5902777778, 4.7725
York, Pennsylvania, United States of America	York	United States of America	Pennsylvania	39.9625, -76.7281
Wiltshire, England		England	Wiltshire	51.3197, -2.2089
Hingham, Massachusetts, United States of America	Hingham	United States of America	Massachusetts	42.2417, -70.8903
Rueil, Paris, Ile-de-France, France	Rueil, Paris	France	Ile-de-France	48.8833333333, 2.16666666667
Chemnitz, Saxony, Germany	Chemnitz	Germany	Saxony	50.8333333333, 12.9166666667
Annemasse, Haute-Savoie, France	Annemasse	France	Haute-Savoie	46.19439,6.23775
North Merchiston, Edinburgh, county of Edinburgh, Scotland	North Merchiston, Edinburgh	Scotland	county of Edinburgh	55.936, -3.2117
Hohenheim, Baden-Württemberg, Germany	Hohenheim	Germany	Baden-Württemberg	48.7154309443, 9.22508239746
Kamienna Góra, Silesia, Poland	Kamienna Góra	Poland	Silesia	50.7833333333, 16.0333333333
Montiers, Oise, France	Montiers	France	Oise	49.5013888889, 2.57861111111
château de Tournebu, near Gaillon, Normandie, France	château de Tournebu, near Gaillon	France	Normandie	48.9667, -0.3333
Shawford, near Winchester, Hampshire, England	Shawford, near Winchester	England	Hampshire	51.023255, -1.329079
Buxton Wells, Derbyshire, England	Buxton Wells	England	Derbyshire	53.259, -1.911
Chiddingstone Sevenoaks, Kent, England	Chiddingstone Sevenoaks	England	Kent	51.18609, 0.14845
Langres, Haute-Marne, France	Langres	France	Haute-Marne	47.8633333333, 5.33388888889
Long Bredy, Dorset, England	Long Bredy	England	Dorset	50.7167, -2.6167
Ramsgate, Kent, England	Ramsgate	England	Kent	51.34391, 1.40403
Underwood, near Plymouth, Devon, England	Underwood, near Plymouth	England	Devon	50.3705555556, -4.13972222222
Bishopthorpe, near York, Yorkshire, England	Bishopthorpe, near York	England	Yorkshire	53.918722, -1.100807
Athabasca, Alberta, Canada	Athabasca	Canada	Alberta	54.7190682197, -113.281745911
Scotstoun, Glasgow, county of Glasgow, Scotland	Scotstoun, Glasgow	Scotland	county of Glasgow	55.879, -4.346
Falun, Dalarna County, Sweden	Falun	Sweden	Dalarna County	60.6, 15.6333
Walton on Thames, Surrey, England	Walton on Thames	England	Surrey	51.3842094913, -0.41748046875
Little Gaddesden, Herts, England	Little Gaddesden	England	Herts	51.8, -0.55
Deptford, Greater London, England	Deptford	England	Greater London	51.478, -0.0265
Ponte Piccolo, near Istanbul, province of Istanbul, Turkey	Ponte Piccolo, near Istanbul	Turkey	province of Istanbul	41.0128067289, 28.9743804932
Greenwich, London, Greater London, England	Greenwich, London	England	Greater London	51.47885, -0.0106
Douai, Nord, France	Douai	France	Nord	50.3713888889, 3.08
Orgelet, Franche Comté, France	Orgelet	France	Franche Comté	46.5230555556, 5.61111111111
Nuneham Courtnay, Oxfordshire, England	Nuneham Courtnay	England	Oxfordshire	51.6782, -1.2204
Andover, Hampshire, England	Andover	England	Hampshire	51.2167, -1.4667
Champteloup, Touraine, France	Champteloup	France	Touraine	47.391111,0.970278
Château de Sceaux, Hauts-de-Seine, France	Château de Sceaux	France	Hauts-de-Seine	48.7744, 2.3
Charleville-Mézières, Ardennes, France	Charleville-Mézières	France	Ardennes	49.7719, 4.7161
Budapest, county of Budapest, Hungary	Budapest	Hungary	county of Budapest	47.5, 19.05
Dresden, Saxony, Germany	Dresden	Germany	Saxony	51.05365000,13.74082000
Moyenvic, Moselle, France	Moyenvic	France	Moselle	48.7780555556, 6.56305555556
Château de Maison-Maugis, near Rémalard, Orne, France	Château de Maison-Maugis, near Rémalard	France	Orne	48.4297222222, 0.773333333333
Chertsey, Surrey, England	Chertsey	England	Surrey	51.3902, -0.5074
Londesborough, Yorkshire, England	Londesborough	England	Yorkshire	53.898491, -0.679446
South Wales, Wales		Wales	South Wales	51.6833333333, -3.38333333333
Loughborough, Leicestershire, England	Loughborough	England	Leicestershire	52.7705, -1.2046
Montrichard, Loir-et-Cher, France	Montrichard	France	Loir-et-Cher	47.34279000,1.18729000
Falmouth, Maine, United States of America	Falmouth	United States of America	Maine	43.7294, -70.2425
Gothenburg/Göteborg, Västra Götalands County, Sweden	Gothenburg/Göteborg	Sweden	Västra Götalands County	57.6967, 11.9869
Hartford, Connecticut, United States of America	Hartford	United States of America	Connecticut	41.7636, -72.6856
Kingsland, London, Greater London, England	Kingsland, London	England	Greater London	52.25, -2.8
Rottingdean, near Brighton, Sussex, England	Rottingdean, near Brighton	England	Sussex	50.815, -0.065
St-Marcel-d'Ardèche, Ardèche, France	St-Marcel-d'Ardèche	France	Ardèche	44.3283333333, 4.61777777778
Bogotá, DC, Colombia	Bogotá	Colombia	DC	4.598056, -74.075833
Monmouth, Monmouthshire, Wales	Monmouth	Wales	Monmouthshire	51.8126477605, -2.71327972412
Beaufort, South Carolina, United States of America	Beaufort	United States of America	South Carolina	32.4314, -80.67
St-Georges-l'Abbaye, near Rouen, Seine-Maritime, France	St-Georges-l'Abbaye, near Rouen	France	Seine-Maritime	49.4433333333, 1.09583333333
Powerscourt, near Bray, county Wicklow, Ireland	Powerscourt, near Bray	Ireland	county Wicklow	53.2028, -6.1083
Halle, Saxony-Anhalt, Germany	Halle	Germany	Saxony-Anhalt	51.28, 11.58
Portsmouth, Hampshire, England	Portsmouth	England	Hampshire	50.80401000,-1.08728400
Liancourt, Oise, France	Liancourt	France	Oise	49.3316666667, 2.46611111111
Sweden		Sweden		59.2684932684, 15.7590592807
Milan, Lombardy, Italy	Milan	Italy	Lombardy	45.46895000,9.18103000
Dammarie-lès-Lys, near Melun, Seine-et-Marne, France	Dammarie-lès-Lys, near Melun	France	Seine-et-Marne	48.5177777778, 2.64027777778
near Newquay, Cornwall, England	near Newquay	England	Cornwall	50.412, -5.0757
Prince Edward County, Virginia, United States of America	Prince Edward County	United States of America	Virginia	37.25, -78.4294
Youghal, County Cork, Ireland	Youghal	Ireland	County Cork	51.9527294269, -7.84767150879
Scarcliffe, Derbyshire, England	Scarcliffe	England	Derbyshire	53.213, -1.26
Farnham, Surrey, England	Farnham	England	Surrey	51.2, -0.79
South Carolina, United States of America		United States of America	South Carolina	34.0033149514, -81.0592258065
near London, Greater London, England	near London	England	Greater London	51.50633000,-0.12714000
Wimpole, Cambridgeshire, England	Wimpole	England	Cambridgeshire	52.14, -0.046
Nizhny Tagil, Sverdlovsk province, Russia	Nizhny Tagil	Russia	Sverdlovsk province	57.9333333333, 60.0
Scotland		Scotland		55.93632000,-3.16568900
Totnes, Devon, England	Totnes	England	Devon	50.43216, -3.68391
Strathaven, Lanarkshire, Scotland	Strathaven	Scotland	Lanarkshire	55.6666666667, -4.06666666667
Stoke Poges, Buckinghamshire, England	Stoke Poges	England	Buckinghamshire	51.5167, -0.5833
Brugg, canton of Aargau, Switzerland	Brugg	Switzerland	canton of Aargau	47.4838008674, 8.20781707764
Kilkenny, county Kilkenny, Ireland	Kilkenny	Ireland	county Kilkenny	52.6548611111, -7.25025
Choully, Marne, France	Choully	France	Marne	49.0253,4.01426
Oxford?, Oxfordshire, England	Oxford?	England	Oxfordshire	51.7511111111, -1.25583333333
Barrowby, near Grantham, Lincolnshire, England	Barrowby, near Grantham	England	Lincolnshire	52.9142, -0.6928
Neuchâtel, canton of Neuchâtel, Switzerland	Neuchâtel	Switzerland	canton of Neuchâtel	46.99034000,6.93109000
Villars, Vaucluse, France	Villars	France	Vaucluse	43.92387,5.40556
Plymouth, Massachusetts, United States of America	Plymouth	United States of America	Massachusetts	50.3705555556, -4.13972222222
Jarville-la-Malgrange, Meurthe-et-Moselle, France	Jarville-la-Malgrange	France	Meurthe-et-Moselle	48.66907,6.20636
Stuttgart, Baden-Württemberg, Germany	Stuttgart	Germany	Baden-Württemberg	48.78330000,9.20000000
Vienne, Isère, France	Vienne	France	Isère	45.52209000,4.87233000
Tongres, province of Limbourg, Belgium	Tongres	Belgium	province of Limbourg	50.78072000,5.46362000
Zweibrücken, Rhineland-Palatinate, Germany	Zweibrücken	Germany	Rhineland-Palatinate	49.38568000,8.57064000
Vendeuvre-sur-Barse, Aube, France	Vendeuvre-sur-Barse	France	Aube	48.23786,4.46905
Carman, Alsace region, France	Carman	France	Alsace region	46.71244800,1.71832000
Peterhof, near St Petersburg, Leningrad province, Russia	Peterhof, near St Petersburg	Russia	Leningrad province	59.88333,29.9
Moscow, Central district, Russia	Moscow	Russia	Central district	55.75222,37.61556
Château-Thierry, Aisne, France	Château-Thierry	France	Aisne	49.04404000,3.40030000
Radeburg, Saxony, Germany	Radeburg	Germany	Saxony	51.21516,13.7281
Brescia, Lombardy, Italy	Brescia	Italy	Lombardy	45.53662000,10.23203000
Argenteuil, near Paris, Ile-de-France, France	Argenteuil, near Paris	France	Ile-de-France	48.9486, 2.2483
Aleppo, Aleppo governorate, Syria	Aleppo	Syria	Aleppo governorate	36.2, 37.15
Quito, Pichincha, Ecuador	Quito	Ecuador	Pichincha	-0.22950000,-78.52428000
Charleville, Marne, France	Charleville	France	Marne	48.8166666667, 3.66666666667
Saint Kitts, West Indies		West Indies	Saint Kitts and Nevis	17.2827369048, -62.7182130952
Toulouse, Haute-Garonne, France	Toulouse	France	Haute-Garonne	43.60574000,1.44869000
Suffolk, England		England	Suffolk	52.0561, 1.1497
Erlangen, Bavaria, Germany	Erlangen	Germany	Bavaria	49.58972,11.00389
Murten/Morat, canton of Fribourg, Switzerland	Murten/Morat	Switzerland	canton of Fribourg	46.92827,7.11715
Solothurn/Soleure, canton of Solothurn, Switzerland	Solothurn/Soleure	Switzerland	canton of Solothurn	47.208,7.537
Hampshire, England		England	Hampshire	51.0597, -1.31
Kent, England		England	Kent	51.2878, 0.0565
Genoa, Liguria, Italy	Genoa	Italy	Liguria	44.41034000,8.93890000
Angers, Maine-et-Loire, France	Angers	France	Maine-et-Loire	47.47131000,-0.55237000
near Lausanne, canton of Vaud, Switzerland	near Lausanne	Switzerland	canton of Vaud	46.516,6.63282
Montmorency, Val-d'Oise, France	Montmorency	France	Val-d'Oise	48.98826,2.3434
Meissen, Saxony, Germany	Meissen	Germany	Saxony	51.16158,13.4737
Ireland		Ireland		52.6463722222, -7.48976333333
Huningue, Haut-Rhin, France	Huningue	France	Haut-Rhin	47.60477,7.57782
Portsmouth, New Hampshire, United States of America	Portsmouth	United States of America	New Hampshire	36.8354258, -76.2982742
near Geneva, canton of Geneva, Switzerland	near Geneva	Switzerland	canton of Geneva	46.20222,6.14569
Bermuda		Bermuda		32.3, -64.7833333333
Schlestat, Haut-Rhin, France	Schlestat	France	Haut-Rhin	48.26667,7.45
Potsdam, Brandenburg, Germany	Potsdam	Germany	Brandenburg	52.39886,13.06566
Wilsdruff, Saxony, Germany	Wilsdruff	Germany	Saxony	51.05,13.53333
Cork, county Cork, Ireland	Cork	Ireland	county Cork	51.9, -8.47305555556
near Strasbourg, Bas-Rhin, France	near Strasbourg	France	Bas-Rhin	48.58508000,7.73643000
Amsterdam, North Holland, Netherlands	Amsterdam	Netherlands	North Holland	52.37312000,4.89320000
Frankfurt am Main, Hesse, Germany	Frankfurt am Main	Germany	Hesse	50.11203000,8.68340000
Kazan, Republic of Tatarstan, Russia	Kazan	Russia	Republic of Tatarstan	55.78874,49.12214
Bayreuth, Bavaria, Germany	Bayreuth	Germany	Bavaria	49.94519000,11.57102000
Middelburg, Zeeland, Netherlands	Middelburg	Netherlands	Zeeland	51.49542000,3.60962000
Gera, Thuringia, Germany	Gera	Germany	Thuringia	50.88029,12.08187
Montélimar, Drôme, France	Montélimar	France	Drôme	44.55559000,4.74916000
St-Claude, Jura, France	St-Claude	France	Jura	46.39291000,5.86450000
Rheinsberg, Brandenburg, Germany	Rheinsberg	Germany	Brandenburg	53.098333, 12.895833
Olau, Poland	Olau	Poland		47.75916000,11.53036000
Strasbourg, Bas-Rhin, France	Strasbourg	France	Bas-Rhin	48.58508000,7.73643000
Charleston, South Carolina, United States of America	Charleston	United States of America	South Carolina	32.76670000,-79.91670000
Leicestershire, England		England	Leicestershire	52.7166666667, -1.18333333333
Fridrichswerth, near Gotha, Thuringia, Germany	Fridrichswerth, near Gotha	Germany	Thuringia	50.94823,10.70193
Roches, canton of Bern, Switzerland	Roches	Switzerland	canton of Bern	47.302,7.381
Ferney, Ain, France	Ferney	France	Ain	46.255833,6.108056
Lewes, East Sussex, England	Lewes	England	East Sussex	50.8744445736, 0.0175094604492
Madrid, province of Madrid, Spain	Madrid	Spain	province of Madrid	40.42030000,-3.70577000
Prangins, canton of Vaud, Switzerland	Prangins	Switzerland	canton of Vaud	46.40000000,6.25000000
Nyon, canton of Vaud, Switzerland	Nyon	Switzerland	canton of Vaud	46.38318,6.23955
near Mainz, Rhineland-Palatinate, Germany	near Mainz	Germany	Rhineland-Palatinate	50.00056000,8.27232000
Prigny, Alsace region, France	Prigny	France	Alsace region	47.06673,-1.9808
London, Greater London, England	London	England	Greater London	51.50633000,-0.12714000
Cambridge, Cambridgeshire, England	Cambridge	England	Cambridgeshire	51.73333,-2.36667
Bath, Somerset, England	Bath	England	Somerset	51.38503000,-2.36132400
Monquin, near Bourgoin-Jallieu, Isère, France	Monquin, near Bourgoin-Jallieu	France	Isère	45.7669, 4.8342
Prégny-Chambésy, canton of Geneva, Switzerland	Prégny-Chambésy	Switzerland	canton of Geneva	46.24330000,6.14695000
Kaliningrad, Kaliningrad province, Russia	Kaliningrad	Russia	Kaliningrad province	54.70649,20.51095
Les Loges, France	Les Loges	France		49.0438888889, -0.805
Sceaux, Hauts-de-Seine, France	Sceaux	France	Hauts-de-Seine	48.77644,2.29026
Eartham, near Chichester, West Sussex, England	Eartham, near Chichester	England	West Sussex	50.8667, -0.6833
Belvoir Castle, Lincolnshire, England	Belvoir Castle	England	Lincolnshire	52.8833, -0.7833
Bar-le-Duc, Meuse, France	Bar-le-Duc	France	Meuse	48.78333,5.16667
Aix-en-Provence, Bouches-du-Rhône, France	Aix-en-Provence	France	Bouches-du-Rhône	43.52641000,5.44625000
Nysa, Opole, Poland	Nysa	Poland	Opole	50.47379,17.33437
The Hague, South Holland, Netherlands	The Hague	Netherlands	South Holland	52.07667,4.29861
Perpignan, Pyrénées-Orientales, France	Perpignan	France	Pyrénées-Orientales	42.70000000,2.90000000
Chantilly, Oise, France	Chantilly	France	Oise	49.1916,2.4852
Fanne, Friuli-Venezia Giulia, Italy	Fanne	Italy	Friuli-Venezia Giulia	45.57950000,10.96410000
Pontoise, Paris, Ile-de-France, France	Pontoise, Paris	France	Ile-de-France	49.05,2.1
Czarskoe Selo/Pushkin, St Petersburg, Russia	Czarskoe Selo/Pushkin	Russia	St Petersburg	59.7233,30.4158
Bologna, Emilia-Romagna, Italy	Bologna	Italy	Emilia-Romagna	44.50483000,11.34517000
Toulon, Var, France	Toulon	France	Var	43.12532500,5.93030500
Bourg-en-Bresse, Ain, France	Bourg-en-Bresse	France	Ain	46.20574,5.2258
Bergamo, Lombardy, Italy	Bergamo	Italy	Lombardy	45.69522000,9.66948000
Herendorf, Silesia, Poland	Herendorf	Poland	Silesia	52.886389, 14.715
Wittenberg, Saxony-Anhalt, Germany	Wittenberg	Germany	Saxony-Anhalt	51.88330000,12.65000000
Gravelines, Flandre, France	Gravelines	France	Flandre	50.98651,2.12807
Aachen, North Rhine-Westphalia, Germany	Aachen	Germany	North Rhine-Westphalia	50.77814000,6.08849000
Albi, Tarn, France	Albi	France	Tarn	43.92621000,2.14838000
Modena, Emilia-Romagna, Italy	Modena	Italy	Emilia-Romagna	44.64308000,10.93406000
Kosel, Schleswig-Holstein, Germany	Kosel	Germany	Schleswig-Holstein	54.5,9.76667
Bordeaux, Gironde, France	Bordeaux	France	Gironde	44.83663500,-0.58103900
Brussels, Brussels capital region, Belgium	Brussels	Belgium	Brussels capital region	50.85045,4.34878
Kirkcaldy, Fife, Scotland	Kirkcaldy	Scotland	Fife	56.1120644275, -3.1595993042
Cideville, Seine-Maritime, France	Cideville	France	Seine-Maritime	49.61702,0.89803
Wassy, Haute-Marne, France	Wassy	France	Haute-Marne	52.08399000,4.31742000
Montbéliard, Doubs, France	Montbéliard	France	Doubs	47.50862000,6.80297000
Olomouc, Olomouc region, Czech Republic	Olomouc	Czech Republic	Olomouc region	49.59552,17.25175
Morges, canton of Vaud, Switzerland	Morges	Switzerland	canton of Vaud	46.51127,6.49854
Hertfordshire, England		England	Hertfordshire	51.8401055, -0.2750052
château de Lumigny, near Rozay-en-Brie, Seine-et-Marne, France	château de Lumigny, near Rozay-en-Brie	France	Seine-et-Marne	48.6841666667, 2.95916666667
Passy, Paris, Ile-de-France, France	Passy, Paris	France	Ile-de-France	48.85667000,2.35099000
Belley, Ain, France	Belley	France	Ain	45.76667,5.68333
Forges-les-Eaux, Seine-Maritime, France	Forges-les-Eaux	France	Seine-Maritime	49.61391,1.54449
Ile St-Pierre, lac de Bienne, canton of Bern, Switzerland	Ile St-Pierre, lac de Bienne	Switzerland	canton of Bern	47.07188,7.143
Gournay-sur-Marne, Seine-Saint-Denis, France	Gournay-sur-Marne	France	Seine-Saint-Denis	48.86373000,2.57528000
Bolkenhain, Silesia, Poland	Bolkenhain	Poland	Silesia	50.92203,16.10111
Basle, Basel-Stadt, Switzerland	Basle	Switzerland	Basel-Stadt	47.5584,7.57327
Worcestershire, England		England	Worcestershire	52.21094875, -2.2103767
Navarre, Spain		Spain	Navarre	42.66670000,-1.50000000
Mainz, Rhineland-Palatinate, Germany	Mainz	Germany	Rhineland-Palatinate	50.00056000,8.27232000
Enfield, Greater London, England	Enfield	England	Greater London	51.6, -0.0833
Copenhagen, Hovedstaden, Denmark	Copenhagen	Denmark	Hovedstaden	55.67631100,12.56935000
Belgium		Belgium		50.83333,4
Sanssouci, Potsdam, Brandenburg, Germany	Sanssouci, Potsdam	Germany	Brandenburg	52.403333, 13.038611
Dunbartonshire, Scotland		Scotland	Dunbartonshire	55.96, -4.53
Zeeland, Netherlands		Netherlands	Zeeland	51.41667,3.75
Germany		Germany		51.31893000,9.49601000
Leiden, South Holland, Netherlands	Leiden	Netherlands	South Holland	52.15833,4.49306
Dublin, county of Dublin, Ireland	Dublin	Ireland	county of Dublin	53.3428, -6.2661
Chouilly, Marne, France	Chouilly	France	Marne	49.0253,4.01426
Massachusetts, United States of America		United States of America	Massachusetts	42.3, -71.8
Champs-sur-Marne, Seine-et-Marne, France	Champs-sur-Marne	France	Seine-et-Marne	48.85,2.6
Liège, province of Liège, Belgium	Liège	Belgium	province of Liège	50.6400989524, 5.57247161865
Philippsbourg, Moselle, France	Philippsbourg	France	Moselle	48.98327,7.56847
Hamburg, state of Hamburg, Germany	Hamburg	Germany	state of Hamburg	53.55,10
Bourdigny, canton of Geneva, Switzerland	Bourdigny	Switzerland	canton of Geneva	46.22477,6.0393
France		France		46.0, 2.0
York, Yorkshire, England	York	England	Yorkshire	53.95, -1.08333333333
Doullens, Somme, France	Doullens	France	Somme	50.15724,2.34019
Bois de Vaud, canton of Vaud, Switzerland	Bois de Vaud	Switzerland	canton of Vaud	46.31692,6.1367
Rome, Lazio, Italy	Rome	Italy	Lazio	41.90311000,12.49576000
Rouen, Seine-Maritime, France	Rouen	France	Seine-Maritime	49.44038000,1.08933000
Florence, Tuscany, Italy	Florence	Italy	Tuscany	43.78300000,11.25000000
Charlottenburg, Berlin, state of Berlin, Germany	Charlottenburg, Berlin	Germany	state of Berlin	52.521111, 13.295833
Drottningholm, Stockholm County, Sweden	Drottningholm	Sweden	Stockholm County	59.32513,17.8878
Jever, East Frisia, Germany	Jever	Germany	East Frisia	53.58333,7.9
Padua, Veneto, Italy	Padua	Italy	Veneto	45.41670000,11.88330000
Croissy-Beaubourg, Seine-et-Marne, France	Croissy-Beaubourg	France	Seine-et-Marne	48.82852000,2.65933000
Shropshire, England		England	Shropshire	52.652359, -2.73421695
Turin, Piedmont, Italy	Turin	Italy	Piedmont	45.06951200,7.70540300
Rammenau, Saxony, Germany	Rammenau	Germany	Saxony	53.09972,12.89885
Landrecies, Nord, France	Landrecies	France	Nord	50.12491000,3.68928000
near Rotterdam, South Holland, Netherlands	near Rotterdam	Netherlands	South Holland	51.9225,4.47917
Montigny, France	Montigny	France		49.0461111111, -0.530555555556
Launay, Seine-Maritime, France	Launay	France	Seine-Maritime	49.52986,1.49629
Avignon, Vaucluse, France	Avignon	France	Vaucluse	43.94876000,4.80602000
Stockholm, Stockholm County, Sweden	Stockholm	Sweden	Stockholm County	59.33216900,18.06242900
New Providence, Bahamas		Bahamas	New Providence	25.0333, -77.4
Reims, Marne, France	Reims	France	Marne	49.25,4.03333
Loisey, near Bar-le-Duc, Meuse, France	Loisey, near Bar-le-Duc	France	Meuse	48.76667,5.28333
Les Délices, near Geneva, canton of Geneva, Switzerland	Les Délices, near Geneva	Switzerland	canton of Geneva	46.2, 6.15
Gex, Ain, France	Gex	France	Ain	46.33333,6.06667
Rolle, canton of Vaud, Switzerland	Rolle	Switzerland	canton of Vaud	46.458,6.335
Castres, Tarn, France	Castres	France	Tarn	43.60795000,2.24204000
Russia		Russia		54.8270488441, 55.0423189997
Grenoble, Isère, France	Grenoble	France	Isère	45.18330000,5.71670000
Utrecht, province of Utrecht, Netherlands	Utrecht	Netherlands	province of Utrecht	52.08330000,5.13330000
Versailles, Yvelines, France	Versailles	France	Yvelines	48.80193500,2.13112000
Prangins, near Nyon, canton of Vaud, Switzerland	Prangins, near Nyon	Switzerland	canton of Vaud	46.39396,6.24948
Switzerland		Switzerland		46.8637302701, 8.10284233333
Nauen, Brandenburg, Germany	Nauen	Germany	Brandenburg	52.60701,12.87374
Cassel, Hesse, Germany	Cassel	Germany	Hesse	50.43333,7.06667
Uppsala, Uppsala County, Sweden	Uppsala	Sweden	Uppsala County	59.8586, 17.6389
Little Gaddesden, Hertfordshire, England	Little Gaddesden	England	Hertfordshire	51.8, -0.55
Cleve/Kleve, North Rhine-Westphalia, Germany	Cleve/Kleve	Germany	North Rhine-Westphalia	51.78333,6.15
Trier, Rhineland-Palatinate, Germany	Trier	Germany	Rhineland-Palatinate	49.75726000,6.63652000
Senones, Vosges, France	Senones	France	Vosges	48.39475,6.97818
Mousson, Aube, France	Mousson	France	Aube	48.33283,4.03782
Clermont-Ferrand, Puy-de-Dôme, France	Clermont-Ferrand	France	Puy-de-Dôme	45.77762000,3.08183000
Leipzig, Saxony, Germany	Leipzig	Germany	Saxony	51.34482000,12.38552000
Gotha, Thuringia, Germany	Gotha	Germany	Thuringia	50.94961000,10.70868000
Pavia, Lombardy, Italy	Pavia	Italy	Lombardy	45.19082000,9.15046000
Franconville, Val-d'Oise, France	Franconville	France	Val-d'Oise	48.50059000,6.45042000
Lausanne, canton of Vaud, Switzerland	Lausanne	Switzerland	canton of Vaud	46.516,6.63282
Herefordshire, England		England	Herefordshire	52.11070075, -2.7400967
Essex, England		England	Essex	51.77192525, 0.63849205
Gelderland/Guelders, Netherlands		Netherlands	Gelderland	51.9809054483, 5.72245453668
Naples, Campania, Italy	Naples	Italy	Campania	40.83990000,14.25185000
Angoulême, Charente, France	Angoulême	France	Charente	45.64924000,0.15699000
Vabern, near Cassel, Hesse, Germany	Vabern, near Cassel	Germany	Hesse	50.43333,7.06667
Strzelin/Strehlen, Lower Silesia, Poland	Strzelin/Strehlen	Poland	Lower Silesia	53.18333,11.8
Virginia, United States of America		United States of America	Virginia	37.6666466469, -78.6145553005
Lunéville, Meurthe-et-Moselle, France	Lunéville	France	Meurthe-et-Moselle	48.59306000,6.49027000
Geneva, canton of Geneva, Switzerland	Geneva	Switzerland	canton of Geneva	46.20835800,6.14270100
Magdeburg, Saxony-Anhalt, Germany	Magdeburg	Germany	Saxony-Anhalt	52.16667,11.66667
Selibice, Central Bohemia, Czech Republic	Selibice	Czech Republic	Central Bohemia	50.34316,13.61292
Etiolles, Essonne, France	Etiolles	France	Essonne	48.63682000,2.47236000
Monrepos, Ludwigsburg, Baden-Württemberg, Germany	Monrepos, Ludwigsburg	Germany	Baden-Württemberg	48.92236000,9.16765000
Venice, Veneto, Italy	Venice	Italy	Veneto	45.43,12.33
Wimpole, Cambrigeshire, England	Wimpole	England	Cambrigeshire	52.14, -0.046
Chernyakhovsk, Kaliningrad province, Russia	Chernyakhovsk	Russia	Kaliningrad province	54.63345,21.81557
Bergues-St Winox, Nord, France	Bergues-St Winox	France	Nord	50.96890000,2.43256000
Brunswick, Lower Saxony, Germany	Brunswick	Germany	Lower Saxony	52.26667,10.53333
Andover, Massachusetts, United States of America	Andover	United States of America	Massachusetts	51.2167, -1.4667
near Colmar, Haut-Rhin, France	near Colmar	France	Haut-Rhin	48.08333,7.36667
Enghien-les-Bains, Val-d'Oise, France	Enghien-les-Bains	France	Val-d'Oise	48.96667,2.31667
Closeburn Castle, Dumfriesshire, Scotland	Closeburn Castle	Scotland	Dumfriesshire	55.2113888889, -3.71861111111
Spain or Portugal		Spain or Portugal		40,-4
Connecticut, United States of America		United States of America	Connecticut	41.6, -72.7
Lille, Nord, France	Lille	France	Nord	50.63718500,3.06281000
Devon, England		England	Devon	50.723957, -3.71882645
St-Malo, Ille-et-Vilaine, France	St-Malo	France	Ille-et-Vilaine	48.65,-2.01667
Wesel, North Rhine-Westphalia, Germany	Wesel	Germany	North Rhine-Westphalia	51.66667,6.61667
Calais, Pas-de-Calais, France	Calais	France	Pas-de-Calais	50.95308000,1.85305000
Ruppin, Brandenburg, Germany	Ruppin	Germany	Brandenburg	52.94833,12.848
Montauban, Tarn-et-Garonne, France	Montauban	France	Tarn-et-Garonne	44.01676000,1.35221000
La Roche-Guyon, Val-d'Oise, France	La Roche-Guyon	France	Val-d'Oise	49.08144000,1.63036000
Hundsfeld, Bavaria, Germany	Hundsfeld	Germany	Bavaria	50.06667,9.86667
Melun, Seine-et-Marne, France	Melun	France	Seine-et-Marne	48.53333,2.66667
Reichenbach, near Meiringen, canton of Bern, Switzerland	Reichenbach, near Meiringen	Switzerland	canton of Bern	46.62542,7.69362
England		England		51.18986000,-1.40308000
Mannheim, Baden-Württemberg, Germany	Mannheim	Germany	Baden-Württemberg	49.48651000,8.46678500
Kutna Hora, Central Bohemia, Czech Republic	Kutna Hora	Czech Republic	Central Bohemia	49.94839,15.26816
Dalwitz, Mecklenburg-Vorpommern, Germany	Dalwitz	Germany	Mecklenburg-Vorpommern	53.93368000,12.53656000
Cirey-sur-Blaise, Haute-Marne, France	Cirey-sur-Blaise	France	Haute-Marne	48.33174000,4.94219000
Fontainebleau, Seine-et-Marne, France	Fontainebleau	France	Seine-et-Marne	48.40505000,2.70120000
Baden-Württemberg, Germany		Germany	Baden-Württemberg	48.66192263, 9.00371875
Jersey, Channel Islands		Channel Islands	Jersey	49.1900166667, -2.11
Carmarthen, Carmarthenshire, Wales	Carmarthen	Wales	Carmarthenshire	51.8605, -4.3031
Aubervilliers, Seine-Saint-Denis, France	Aubervilliers	France	Seine-Saint-Denis	48.91339000,2.38254000
Dublin, county Dublin, Ireland	Dublin	Ireland	county Dublin	53.34376500,-6.24952900
Spa, province of Liège, Belgium	Spa	Belgium	province of Liège	50.5,5.866667
Dijon, Côte-d'Or, France	Dijon	France	Côte-d'Or	47.32646000,5.04420000
Louvain, province of Flemish Brabant, Belgium	Louvain	Belgium	province of Flemish Brabant	50.87959,4.70093
Loo, Holland, Netherlands	Loo	Netherlands	Holland	51.92917,5.99028
